column,file_count
_unit_id,8
_golden,8
tweet,8
user,7
_unit_state,6
_trusted_judgments,6
_last_judgment_at,6
text_no_rt,5
type_of_message,4
type,4
category,3
type_of_message_gold,3
tweet_no,3
nil,3
tweet_no_rt,3
_started_at,2
_id,2
_tainted,2
choose_one,2
what,2
type_of_message:confidence,2
choose_one:confidence,2
choose_one_gold,2
_created_at,2
the_author_of_the_tweet_seems_to_be_an_eye_witness_of_the_event_gold,2
what_gold,2
_missed,2
_country,2
the_author_of_the_tweet_seems_to_be_an_eye_witness_of_the_event,2
_trust,2
_worker_id,2
_channel,2
_region,2
_city,2
_ip,2
where_gold,1
when_gold,1
type_of_messageconfidence,1
type_of_advice_or_caution_gold,1
source_gold,1
where,1
when,1
type_of_advice_or_caution:confidence,1
type_of_advice_or_caution,1
source,1
word_or_shortphrase_gold,1
people_or_infrastructure_gold,1
instruction,1
word_or_shortphrase,1
what_infrastructure_was_damaged_if_infrastructure_gold,1
hom_many_injured_or_dead_if_people_gold,1
what_infrastructure_was_damaged_if_infrastructure,1
people_or_infrastructure:confidence,1
people_or_infrastructure,1
hom_many_injured_or_dead_if_people,1
url_or_name_of_the_stationchannel_gold,1
url_or_name_of_the_stationchannel,1
the_author_of_the_tweet_seems_to_be_an_eye_witness_of_the_event:confidence,1
