emergency_rank,emergency_tweet,emergency_need_type,urgency_score,urgency_tier,support_tweet,semantic_similarity,support_help_score,type_match_score,final_match_score
1,rt : sandy bearing down on east coast. destructive winds power outages flooding rainfall & dangerous storm surge expected,power,0.8007,Critical,rt : restoring power after storm sandy could take 8 days - new jersey governor. 29 hospitals lost supplies. updates live,0.5165,0.7667,0.7,0.6032
2,superstorm sandy floods. now fire. a dozen homes burning in rockaways. 200 firefighters. 6 alarm blaze. li house fires. smell of gasoline,general,0.7267,Critical,: sandy heroes! nurses rescued newborns when the hurricane hit nyc and their hospital lost power,0.4036,0.8333,0.3,0.4688
3,apps first-person account of emergency hospital evacuation in nyc after sandy power outage,medical,0.7252,Critical,rt : sandy heroes! nurses rescued newborns when the hurricane hit nyc and their hospital lost power,0.522,0.8333,0.7,0.6199
5,look: an mta photo shows a subway station after it was flooded by seawater during superstorm sandy:,general,0.6939,Critical,water and ice distribution locations for met-ed customers who lost power as a result of hurricane sandy:,0.5145,0.4667,0.3,0.462
6,rt : sandy power outages are occurring as far west as northwest indiana and southwest michigan. winds gusting to 40+ mph there now.,power,0.6883,Critical,rt : good news! fema white house send storm victims to internet via power out from sandy? need help? cfsa,0.5063,0.2,0.7,0.4838
7,rt : nyc sandy updates: coney island hospital reported to be on fire; nyu hospital evac in progress; building collapse video,medical,0.6815,Critical,prayers!! rt : rt : new york's bellevue hospital set to evacuate after sandy,0.5711,0.3,0.7,0.5427
8,rt : death toll from superstorm sandy rises to 40 in us and canada. at least 18 killed in nyc,general,0.6573,Critical,whoa! god bless the east coast! -- : bloomberg; storm killed 10 in nyc. cnn u.s. toll from sandy at least 21.,0.7433,0.0,0.3,0.506
9,roznyc: the electricity is out nyc sandy frankenstorm 10.29.2012 uploaded these on my ipad no editing. _,power,0.6568,Critical,rt : thank you !! sandy sandynj power wifi and hot food. photos coming soon @ bubbakoo's burritos,0.38,0.4667,0.7,0.4614
10,us counts cost as sandy recedes: at least 32 people have been killed millions are without power and transport a..,power,0.6535,Critical,rt : more than 7.5 million without power on the east coast. help save lives here sandy,0.6216,0.2,0.7,0.5529
12,"rt : mayor bloomberg: ""the most severe part of the storm is now beginning"" sandy",general,0.6496,Critical,rt : watch nyc mayor michael bloomberg s press conference over hurricane sandy live,0.7891,0.0,0.3,0.5335
13,rt : afp: president obama declares 'major disaster' in new york after storm sandy,general,0.6474,Critical,rt : - ..pres. obama is doing his job going to areas where sandy caused so much damage. americans hope you welcome his visit nyc,0.7092,0.0,0.3,0.4855
14,"rt : fire damage now up to ""11 homes completely destroyed"" in queens nyc ny.. dozens more damaged. - sandy fdny nypd",general,0.643,Critical,rt : at least 80 flooded houses destroyed by nyc fire via absolutely horrible. prayers out to these families.,0.6787,0.0,0.3,0.4672
15,rt : after hurricane sandy: stay away from disaster areas. do not sightsee! obey all curfews & emergency orders which are issued sandysafety,general,0.6413,Critical,rt : are you a shelter or rescue group affected by hurricane sandy? please tell us what you need and we'll share it online! sandypets,0.6576,0.6333,0.3,0.5812
16,breaking news: at least 39 dead millions without power in sandy's aftermath,power,0.6388,Critical,rt : the day after: death toll climbs millions without power - help support via sandy,0.695,0.2,0.7,0.597
17,rt : hurricane sandy hit nyc _ nychurricane nyc flood floodinnyc,general,0.629,Critical,rt : stay strong new york. sandy nyc hurricane /via,0.7394,0.0,0.3,0.5036
18,rt : the deadly hurricane sandy.. nature is so violent yet so beautiful.,general,0.6273,Critical,rt : sandy absolutely wrecked the northeast. shoutouts to everyone who underestimated the storm and said it wouldn't be that bad youwerewrong,0.6019,0.2333,0.3,0.4678
19,nyc subway shutdown power outages and fires following hurricane sandy destruction (photos) (live u.. via,power,0.6272,Critical,the doctors and nurses who carried patients down 15 flights of stairs when the power went out are absolutely inspiring sandy nyc,0.4989,0.2,0.7,0.4794
20,hurricane sandy may have flooded the east coast taken down trees and killed power but heywire was up and running strong!,general,0.6252,Critical,how to help sandy victims: if you can't personally provide shelter and supplies to those affected by superstorm..,0.4789,0.5667,0.3,0.4607
21,rt : breaking: crane collapse in midtown nyc hurricance sandy,general,0.6251,Critical,rt : crane dangles from nyc high-rise as hurricane sandy bears down on city,0.7524,0.0,0.3,0.5114
22,rt : photo: insane flooding in the east village nyc after sandy. get your breaking sandy news at,general,0.6224,Critical,rt : brownstone brooklyn: shelter from sandy: sandy,0.6452,0.3,0.3,0.5071
23,"rt : mta: ""worse than worst case"" rt : all seven nyc subway tunnels are flooded: sandy transit",general,0.6213,Critical,rt : a helpful little post about the ny subway flooding,0.7184,0.0,0.3,0.491
24,rt : ohmygodohmygodohmygodrt : tunnel flooding from sandy may drive subway rats onto nyc streets,general,0.6207,Critical,rt : nyc alert: all evacuation shelters are pet friendly - don't leave your pets behind! sandy sandypets,0.5161,0.6,0.3,0.4896
25,rt : if the hurricane doesn't destroy the 'jersey shore' house the death star might have to finish the job. sandy,general,0.6189,Critical,rt : s/o to hurricane sandy,0.6627,0.0,0.3,0.4576
26,"rt : not just the us affected: haiti's homeless earthquake victims say ""it is misery"" after sandy kills 52",shelter,0.6186,Critical,emergency shelters for sandy are still in need of help- and will be for a few days. lend a hand: volunteer.,0.4499,0.5,0.7,0.51
28,rt : nyc crane collapses on camera superstorm sandy sandyny,general,0.6175,Critical,sandy: one57 crane collapse nyc nativeicons nyskyline,0.6991,0.0,0.3,0.4794
30,rt : ambulances line up to evacuate nyu hospital. crazy! sandy nyc,medical,0.6157,Critical,rt : wonderful heroes who kept babies alive as were being evacuated from nyu medical centre. i love each & every 1! sandy,0.6562,0.3,0.7,0.5937
32,rt : crazy pic of hurricanesandy sandy statueofliberty nyc storm damn wow rain instago photooftheday,general,0.6143,Critical,rt : all these hurricane sandy pictures &gt;&gt;&gt;&gt;&gt;&gt;&gt;&gt;&gt;&gt;&gt;,0.691,0.0,0.3,0.4746
34,rt : while focus is on nyc remember sandy killed 52 in haiti and the situation could get worse there,general,0.6126,Critical,"rt : sandy killed 69 people in the caribbean 15 people in ny & 3 people in nj . : ( rt to show respect .""",0.7505,0.0,0.3,0.5103
36,rt : wow at least 55 dead in multiple states from sandy ..,general,0.609,Critical,rt : sandy killed 69 people in the caribbean 15 people in ny & 3 people in nj . : ( rt to show respect .,0.7247,0.0,0.3,0.4948
37,rt : over 50 dead from hurricane sandy in haiti. massive crop damage and increased cholera to have lasting impact.,general,0.6079,Critical,rt : on infrastructure aid & recovery in haiti where hundreds of thousands go homeless after natural disasters sandy,0.6512,0.2333,0.3,0.4974
39,rt : last night sandy flooded streets with rain. today just as it starts causing fires it stops raining. this dick hurricane is trolling us.,general,0.6059,Critical,rt : sandy - what meteorologists said on october 22 (a week before the historic storm),0.5963,0.2333,0.3,0.4644
42,rt : bloomberg says at least 10 dead in nyc and expect that number to go up sandy,general,0.6007,Critical,rt : bloomberg confirms 10 deaths in nyc due to hurricane sandy says likely to go up as news comes in,0.8533,0.0,0.3,0.572
44,this is why they shut down early! : grist: if the subway floods what happens then? not easy to read,general,0.6,Critical,news sandy floods nyc subways cnn,0.6505,0.0,0.3,0.4503
45,superstorm sandy wrecks havoc across us east coast death toll.. - - newyorkcity tragedy,general,0.5984,High,wish all my dear friends in the east coast safety! super storm sandy: nyc,0.7161,0.0,0.3,0.4897
46,39 dead in hurricane sandy.. rip &lt;3,general,0.5978,High,36 deaths already from hurricane sandy so sad. my prayers go out to all the people that were impacted sandy praying,0.6735,0.0,0.3,0.4641
48,rt : crane on 57 street collapsed. so dangerous! nyc hurricane sandy,general,0.595,High,hi guys! ::waves back:: rt nyc firefighters look up at a collapsed crane dangling from a building | sandy,0.6929,0.0,0.3,0.4758
49,rt : i hope hurricane sandy does knock out everyone's power so i'm not the only one bumping into walls and shit.,general,0.5946,High,rt : rt : dear god please keep all the people who have been or will be hit by hurricane sandy safe. amen.,0.7297,0.0,0.3,0.4978
50,rt : what a humbling image. here's the soldiers guarding the tomb of the unknown soldier during hurricane sandy. powerful,general,0.5939,High,rt : amazing soldiers standing at the tomb of the unknown soldier during hurricane sandy.,0.8185,0.0,0.3,0.5511
51,rt : alert: at least 168 people stranded in some 59 locations in manhattan staten island queens brooklyn coast guard tells cnn. sandy nyc,rescue,0.5932,High,rt : search for open shelters by texting shelter+ a zip code to 43362 (4fema). ex: shelter 01234 (std rates apply) sandy,0.4011,0.6,0.7,0.5007
53,rt : the time for evacuation is over. conditions are dangerous and will get worse. please stay where you are sandy nyc,evacuation,0.5919,High,brooklyn/nyc: please donate clothes/towels to your local evacuation shelter. they really need it. sandy sandyaftermath,0.5932,0.6,0.7,0.6159
56,make them come naija experience real power outage! sandy,power,0.589,High,danny and i were lucky to have power the entire time. thoughts and prayers are with anyone who has severe damage. storm sandy,0.4838,0.2,0.7,0.4703
57,rt : hurricane sandy arrived to haiti a week ago! 54 dead 200 homeless (minus the hundred thousand more from 2010) but you hear nothing.,shelter,0.5889,High,rt : if you need a safe place to stay shelter info avail. in hurricane app & . sandy,0.5002,0.3,1.0,0.5601
61,rt : this crane is really about to collapse though.. scary!! nyc cnn sandy,general,0.5859,High,rt : nyc firefighters look up at a collapsed crane dangling from a building | sandy,0.6711,0.0,0.3,0.4627
62,update: at least 33 deaths blamed on sandy: superstorm sandy winds down leaving 33 people dead and more than 7..,general,0.5857,High,rt : nypd's public information office reports there have been five storm-related deaths in nyc. sandy,0.6644,0.0,0.3,0.4586
64,"rt : mayor bloomberg: ""please use 311 for downed trees and flooding not 911."" sandy nyc",general,0.5825,High,nyc mayor bloomberg is offering an update on the city's response to sandy. you can tune in here:,0.657,0.0,0.3,0.4542
65,"rt : mayor bloomberg calls it storm ""devastating"" and ""perhaps worst"" in nyc history. sandy",general,0.5821,High,rt : new york city mayor talks about the city's response to hurricane sandy. live on nyc,0.6783,0.0,0.3,0.467
66,rt : rt : 630-1030 pm will be the worst of the storm in nyc says bloomberg nyc sandy,general,0.5785,High,rt : my thoughts are with you nyc/east coast and everyone else that is being affected by hurricane sandy,0.6671,0.0,0.3,0.4603
67,hurricane sandy coverage illustrates creative emergency reporting | knight center,general,0.5775,High,how do you volunteer with to aid with results hurricane sandy,0.5548,0.4333,0.3,0.4796
68,rt : everybody keep saying sandy was weak ( but ) there not understanding the damage she did in other places (fires homeswrecked deadpeople),general,0.5766,High,rt : hurricane sandy calming down .. i guess she got the d ..,0.6769,0.0,0.3,0.4661
69,fuck this my back lawn is filled with water and my pool is messed up fucking sandy has to also make evacuate my house,evacuation,0.5763,High,rt : update: voluntary evacuation issued for pleasant prairie wi (far reaching effects from sandy),0.481,0.3,0.7,0.4886
70,new jersey sees storm surge ahead of sandy: oct. 29 - new jersey residents evacuate as the storm surge increases..,evacuation,0.5746,High,nyc transportation in sandy's wake: new yorkers anticipate free buses closed subway via,0.4734,0.2333,0.7,0.4707
78,rt : sandy is the definition of a shit storm. sandyisashitstorm,general,0.5645,High,rt : praying for everyone to be safe in the storm.. sandy,0.6652,0.0,0.3,0.4591
86,rt : what if gangam style was actually just a giant rain dance and we brought this hurricane on ourselves? sandy,general,0.5531,High,: what if gangnam style was actually a giant rain dance and we've brought this on ourselves? sandy lol comic relief,0.7572,0.0,0.3,0.5143
87,while parts of nyc under mandatory evacuation order not all are leaving ynnsandy sandy,evacuation,0.5527,High,aww rt : nyc alert: all pets are accepted on the subway taxi and trains during evacuation. sandy sandypets,0.604,0.3,0.7,0.5624
95,rt : current flood events - hurricane sandy and more .,general,0.5484,High,rt : the hurricane sandy weather forecast.,0.7465,0.0,0.3,0.5079
98,rt : so now my job has no power & i can't work . sandy really fucked wit my money doe _,power,0.5459,High,rt : if you're stuck at home from sandy and have power and a phone you can make calls on behalf of obama:,0.5371,0.2,0.7,0.5022
101,so sad. - in haiti hurricane sandy leaves behind death and devastation,general,0.5443,High,rt : hurricane sandy actually hit many more countries before the usa thoughts go out to those in the caribbean that have been affected too!,0.6813,0.0,0.3,0.4688
104,rt : sandy terrifying photos of sandy s aftermath uploaded in social media by victims via,general,0.5428,High,rt : greenpeace exclusive dramatic photos: hurricane sandy aftermath via,0.7225,0.0,0.3,0.4935
106,rt : some 70 people dead in hurricane sandy. ignored in the caribbean blanket coverage when it hits the usa and kills 13,general,0.5427,High,rt : r.i.p to the 65 victims who lost their lives because of hurricane sandy. rt for respect.,0.6965,0.0,0.3,0.4779
110,rt : a tour of the hurricane sandy damage on new york's upper west side via nyc,general,0.5405,High,rt : the great escape from nyc sandy nyc newyork hurricane /via,0.7375,0.0,0.3,0.5025
112,call us 24/7 at 88-708-5013 for emergency and shelter supplies - hurricane sandy,general,0.5396,High,rt : hurricane shelter at brooklyn tech (ft. greene) need pm volunteers & towels. 475 evac'd hosp patients contact me for info sandy plsrt,0.7117,0.5,0.3,0.587
114,rt : several bridges set to close because of hurricanesandy sandy nyc,general,0.5389,High,verrazano and gw bridges closing at 7 in nyc. enough said! sandy,0.6767,0.2333,0.3,0.5127
115,sandy and no power out! highfive,power,0.5387,High,sandy fuck you.. smashsquad smashingjoe smashingstar preme freshe wegotthis ssmg gon b workin heavy til we lose power!! dedication,0.4664,0.2,0.7,0.4598
120,rt : dear uk media sandy killed over 60 in haiti and left 200k homeless before it hit the usa. i guess you can't have known.,shelter,0.5346,High,rt : if you need a safe place to stay shelter info avail. in hurricane app & sandy,0.3756,0.3,1.0,0.4853
125,rt : wind and rain are starting up.. sandy's comin,general,0.5317,High,rt : huge shout-out to our rescue team for pulling 24-hr shifts during sandy! sandypets,0.6077,0.3333,0.3,0.4913
129,rt : hurricane sandy make them thirsty nyc frankenstorm,general,0.5293,High,rt : as frankenstorm sandy heads towards nyc activists unfurl giant end climate silence banner in times sq via,0.7098,0.0,0.3,0.4859
130,rt : hurricane sandy's early warning system,general,0.5287,High,rt : state by state guide to hurricane sandy -,0.7134,0.0,0.3,0.488
132,sandy's damage to central park: superstorm sandy tore through nyc's central park knocking down many trees.,general,0.5265,High,my thoughts are with those affected by hurricane sandy- downed tree in sunnyside queens sandy ny1sandy nyc,0.6597,0.0,0.3,0.4558
134,rt : homeless new yorkers face sandy without shelter: 'i can survive just like this',shelter,0.5263,High,rt : more than 70 animal-friendly shelters are housing nearly 240 animals in nyc after sandy. more expected,0.5408,0.3,1.0,0.5845
138,hospitals battled to protect patients as sandy raged via,medical,0.5232,High,rt : sandy evac _an un hospital de nueva york que se qued _ sin electricidad,0.4458,0.3,0.7,0.4675
139,rt : in the year 2200 new york city will be as flooded as it was during hurricane sandy all the time.,general,0.5231,High,rt : in the movie 2012 new york flooded. now it's 2012 and new york is flooding. retweet this and prayforusa sandy,0.7101,0.0,0.3,0.486
141,rt : msnbcridicules romney 4 collecting food & supplies 4 sandyvictims | more sheer nastiness from left,general,0.5224,High,rt : new msnbc ridicules romney for collecting food and supplies for sandy victims,0.8654,0.5333,0.3,0.6859
143,omg theres 2 missing boys from sandy they got swept away in the water ..,general,0.521,High,rt : public help needed: 2 boys 2 & 4 missing nearly 24 hours after they got separated from their mom when car submerged in si. sandy 911buff,0.668,0.0,0.3,0.4608
149,rt : eighteen deaths in new york city because of sandy --mayor bloomberg,general,0.517,High,rt : mayor bloomberg: the 76 shelters we opened will remain open today. sandy nyc,0.5771,0.3,0.3,0.4663
158,travel alerts: hurricane sandy travel update. monday oct. 29 2012 6:00pm pdt trafalgar is c..,general,0.5125,High,rt : our thoughts are with everyone affected by hurricane sandy. please check here for updated information & travel policy:,0.687,0.0,0.3,0.4722
161,rt : if in immediate need of shelter please visit to locate your nearest options. shelter sandy,general,0.5114,High,rt : sandy east coast search for open shelters by texting: shelter + a zip code to 43362 (4fema). ex: shelter 01234 (std rates apply),0.7596,0.6,0.3,0.6358
165,rt : a shark was photographed swimming in the front yard of a flooded home in brigantine beach new jersey sandy pic:,general,0.5095,High,rt : wow can't believe sharks are swimming the streets/yard of nyc/new jersey. scary keep yourselves safe guys sandy,0.6531,0.0,0.3,0.4518
166,rt : sandy killed 67 people in the caribbean & left 200 homeless in haiti yet all news is focused on ny. because the poor don't count right?,shelter,0.5095,High,good idea! rt : got no longer needed supplies from sandy prep? please consider donating them to a shelter or food pantry.,0.2622,0.8333,0.7,0.464
170,winds howling crazy like a banshee thru nyc - bring it on hurricane sandy! (good call for the city govt. to shut everything down today),general,0.5044,High,my heart goes out to you nyc! hope the rest of the east coast takes heed of warnings & remains safe & smart during the storm! sandy,0.699,0.0,0.3,0.4794
171,rt : the power just went out at my house in jersey! damn you sandy. stay safe everyone.,general,0.5042,High,"rt : still have all of you who were affected by ""sandy"" last night on our minds. stay safe and warm friends.",0.6927,0.0,0.3,0.4756
172,ac has been shut down for the 4th time in 34 years and part of the boardwalk broke off and washed away ohno sandy what are you doing!,general,0.5029,High,rt : sandy our ac shelter is submerged! thankfully we got 50 kids out to safety. can you help?,0.6285,0.3,0.3,0.4971
174,rt : hurricane sandy's early warning signs sandy,general,0.5014,High,rt : how to find the hurricane sandy shelter closest to you,0.589,0.3,0.3,0.4734
178,rt : sandy latest: at least 50 people dead more than 8-million w/o power in 17 states 6100 new yorkers are staying in shelters.,general,0.4995,High,rt : massive volunteer ops list growing here sandy hurricanesandy sandyrelief sandyvolunteer sandyaid nyc nj ct ne,0.5479,0.4333,0.3,0.4754
185,rt : ap photo: a rainbow forms over breezy point in the nyc borough of queens in the aftermath of superstorm sandy: -ras,general,0.4938,High,rt : rainbow over today's nyc sky offers glimpse of hope after hurricane sandy. via,0.7376,0.0,0.3,0.5026
190,anxiously watching the storm out the window! sandy,general,0.491,High,rt : i'm praying that all those terribly affected by sandy .. such a terrible storm!,0.7375,0.0,0.3,0.5025
191,"rt : bloomberg ""our priority is protecting lives."" 10 dead in nyc from sandy.",general,0.4909,High,rt : 22 deaths in nyc due to sandy damn.. sayin a prayer for those families,0.6724,0.0,0.3,0.4634
192,my guy we get hurricane sandy. she dey scatter my window for here.,general,0.4906,High,just spoke to one of my gals in new york the storm is crazy let's hope hurricane sandy will just swurf by fast..,0.67,0.0,0.3,0.462
193,rt : photos: the hurricane sandy aftermath: she came she saw she destroyed. sandy p2 weather,general,0.4879,High,rt : karen covering hurricane sandy:,0.6564,0.0,0.3,0.4539
195,rt : at least 13 u.s. deaths are being blamed on sandy which has knocked out power to an estimated 5.2 million people.,general,0.4877,High,rt : prayers 'unthinkable devastation' sandy causes at least 29 u.s. deaths,0.7317,0.0,0.3,0.499
198,obviously the deaths caused by hurricane sandy are devastating and all but don't worry they're all part of god's plan.,general,0.4871,High,thoughts and prayers with those who went through hurricane sandy. damage unbelievable.,0.6939,0.0,0.3,0.4763
200,rt : rt : breaking -- about 6200 customers without power in nj due to sandy; up from 2100:,power,0.4861,High,rt : the inn lodge woodlands and spa will be open tuesday. the lodge will have hot food if the power goes out. sandy,0.3802,0.4667,0.7,0.4615
203,storm-battered us sifts through sandy s wreckage: peter andrews removes belongings from his father s beachfront home destroyed in th..,shelter,0.4855,High,"rt : where do birds go during a storm like sandy? -- read ""shelter from the storm"" for answers by",0.4189,0.3,0.7,0.4514
208,sandy was more of disaster than you think people.. it really fucked shit up in nyc and jersey,general,0.4805,High,thinking of everyone effected by sandy and hoping really hoping that all my friends in nyc are safe!!,0.6887,0.0,0.3,0.4732
209,rt : : bloomberg; storm killed 10 in nyc. cnn u.s. toll from sandy at least 21. eyesju sandy,general,0.4793,Moderate,rt : this says a lot. hurricane sandy's death toll as viewed by the bbc: (via ),0.6831,0.0,0.3,0.4698
210,top story: double rainbow shines in nyc after superstorm sandy see more,general,0.4791,Moderate,rt : rainbow over today's nyc sky offers glimpse of hope after hurricane sandy.,0.7495,0.0,0.3,0.5097
214,rt : i wish people would take this hurricane sandy seriously. it's caused deaths and still people make fun of it. this is serious.,general,0.4769,Moderate,rt : thinking of everyone that is in the path of hurricane sandy..,0.6526,0.0,0.3,0.4516
215,"us president obama says the storm is ""not over yet"" describing ""extraordinary"" hardship because of sandy - al jazeera:",general,0.4759,Moderate,"michael brown said obama ""responded too fast"" to hurricane sandy relief which means he must be doing a damn good job. heckuvajob",0.6117,0.2333,0.3,0.4737
217,rt : to everyone wanting sandy to cancel school sit down. i know school sucks but i like my power.,general,0.4738,Moderate,rt : i will be so happy if we don't have school tomorrow. sandy help us out,0.7304,0.0,0.3,0.4982
221,rt : new york city marathon threatened by aftermath of super storm sandy,general,0.4721,Moderate,limited train service resuming in nyc after superstorm sandy - cbs news: national geographiclimited train servic..,0.6625,0.0,0.3,0.4575
223,rt : hurricane sandy is a cunt. im drenched. and i couldnt breathe against the wind sandytheslut,general,0.4718,Moderate,rt if your happy you lived thrilough hurricane sandy :) _,0.6803,0.0,0.3,0.4682
227,rt : sandy clearly the worst natural disaster in nj history..nyc as well. total damage probably in tens of billions.,general,0.4678,Moderate,rt : items giving to sandy victims: food blankets flood cleanup kits. their nyc warehouse flooded.,0.5643,0.2667,0.3,0.4519
247,rt : sandy 200 homeless in haiti and 52 dead - but mail reports no cellphone coverage in new york,shelter,0.4551,Moderate,rt : if you need a safe place to stay shelter info avail. in redcross hurricanapp sandy,0.4607,0.3,1.0,0.5364
257,rt : hurricane sandy is going to majorly fuck up the east coast. if you're around these parts stay safe!,general,0.4506,Moderate,rt : we're thinking of our friends on the east coast as hurricane sandy nears. be careful and stay safe!,0.8424,0.0,0.3,0.5655
259,rt : sandy it would be nice if you blew my school away..,general,0.4501,Moderate,rt : if you're in sandy's path god bless.,0.6775,0.0,0.3,0.4665
260,rt : hurricane sandy is the start of the end of the world 2012 apocalypse,general,0.4498,Moderate,rt : our hearts go out to all the victims of hurricane sandy,0.6627,0.0,0.3,0.4576
262,rt : hurricane sandy better not take away my electricity. named after a motherfucking spongebob character ugh,power,0.4488,Moderate,rt : families with small kids who are without power get used to not having sesame street. mittstormtips sandy,0.5133,0.2,0.7,0.488
263,rt : nyc now from my window. its gonna be a great beginning after sandy,general,0.4488,Moderate,rt : thinking of everyone over in nyc and along the east coast. stay safe. sandy,0.727,0.0,0.3,0.4962
265,"rt : ""the most severe part of the storm is now beginning""-mayor bloomberg. nyc sandy",general,0.4486,Moderate,rt : live video: nyc mayor michael bloomberg updates residents on hurricane sandy,0.6927,0.0,0.3,0.4756
267,she fuckin up everyones money rt : hurricane sandy fucking up my money man,general,0.4482,Moderate,man fuck sandy she can't stop my hustling imma real trapper snow rain windy i don't care im gettin this money,0.6659,0.0,0.3,0.4596
272,rt : hurricane sandy changed course missed nyc & is now devastating the jersey shore. maybe there is a god after all,general,0.4449,Moderate,praying for everyone who is suffering from hurricane sandy. i can't even imagine being in nyc or nj right now. heartbreaking,0.7157,0.0,0.3,0.4894
273,rt : non-stop ambulances and fire trucks crazy winds and random sounds of things crashing. i think sandy is finally in nyc.,medical,0.4436,Moderate,rt : sandy hitting nyc within the next hour prayers to everyone _ _,0.7569,0.0,0.0,0.4541
279,rt : oh god rip new york sandy,general,0.441,Moderate,rt : hope everyone in nyc is ok.. fuck you sandy.,0.7175,0.0,0.3,0.4905
285,rt : sharks popping up in new jersey streets.. sandy,general,0.4365,Moderate,rt : praying for my relatives in new jersey who are experiencing hurricane sandy watch out for the sharks swimming at your yards accdg to news :(,0.6502,0.0,0.3,0.4501
289,wow scary! rt : that's haunting!. flooding already.rt : wow. nyc today. sandy,general,0.4359,Moderate,rt : homeless new yorkers tell us your hurricane sandy stories!!,0.6528,0.0,0.3,0.4517
297,you should follow me just in case i die in hurricane sandy tonight. &lt;3,general,0.4292,Moderate,help me get through hurricane sandy by following me &lt;3r,0.7195,0.0,0.3,0.4917
298,rt : rip to the 29 people who died b/c of hurricane sandy _ _,general,0.4286,Moderate,rt : r.i.p to the 65 victims who lost their lives because of hurricane sandy. rt for respect &lt;3,0.7511,0.0,0.3,0.5106
302,rt : sandy has got to be the worst name for a hurricane? sounds like a shitty little dog,general,0.4259,Moderate,rt : praying for the people who are touched by hurricane sandy..for the first time i actually hate my nickname..,0.6869,0.0,0.3,0.4722
303,rt : 'this is the apocalypse' video shows sandy destruction,general,0.4256,Moderate,rt : watch hurricane sandy prowling the east coast up to the morning in a timelapse video of satellite images.,0.6607,0.0,0.3,0.4564
304,rt : hurricane sandy has caused us to close microtropolis for the time being. stay safe.,general,0.4255,Moderate,rt : talking about hurricane sandy in science east coast rushers please stay safe &lt;3,0.6778,0.0,0.3,0.4667
308,rt : yess no school tomorrow because of hurricane sandy! 2 days of no school :p,general,0.4236,Moderate,no school thanks to hurricane sandy. i know what i'm going to do today watch drake and josh and listen to ur music:),0.6868,0.0,0.3,0.4721
313,rt : when sandy hits y'all lets see who will be laughing.,general,0.419,Moderate,rt : praying for everyone effected by sandy ! god bless!,0.6817,0.0,0.3,0.469
314,rt : hurricane sandy worcesterprobz,general,0.4188,Moderate,rt : live coverage of storm sandy,0.6693,0.0,0.3,0.4616
317,rt : that broken crane is dangling from the tallest residential building in ny right outside cnn in ny. alarming. sandy,general,0.4185,Moderate,rt : nyc firefighters look up at a crane dangling from a building on 57th st. sandy image via instagram,0.6657,0.0,0.3,0.4594
319,rt : i should take a picture of my view and show you guys hurricane sandy is real.,general,0.4173,Moderate,fake photos of hurricane sandy | photo gallery - yahoo! news canada via,0.7201,0.0,0.3,0.4921
320,rt : breaking: sandy makes landfall in new jersey. nj,general,0.4172,Moderate,rt : storm update: hurricane sandy is 3-5 hours from making landfall in new jersey. expect hurricane force winds. sandy,0.7918,0.0,0.3,0.5351
322,rt : here comes hurrican sandy!,general,0.417,Moderate,rt : our thoughts and prayers to all the people that will suffer from storm sandy god bless you!!,0.6929,0.0,0.3,0.4758
323,rt : nyc mayor on sandy: may be the worst (storm) we have ever experienced. watch live briefing on,general,0.4149,Moderate,rt : more hurricane joggers on cnn. so brave so tough so macho so heroic so hard so..so..so..unbelievably dumb. sandy,0.6581,0.0,0.3,0.4549
328,rt : seeing that photo of hurricane sandy over the new york sky scares me. if i saw that i'd die.,general,0.4137,Moderate,can't believe the pictures of hurricane sandy! would not want to be in new york atm prayfornyc,0.6695,0.0,0.3,0.4617
329,i hope noones homes were destroyed from sandy. stay safe guys.,general,0.4135,Moderate,hope everyone is safe after hurricane sandy!,0.729,0.0,0.3,0.4974
337,rt : what does he want from us??!!? sandy rt : looks like the east coast has more than sandy to worry about!!,general,0.4102,Moderate,rt : hope everybody's staying safe on the east coast sandy _,0.6922,0.0,0.3,0.4753
342,"he's grasping @ straws?rt "" : preacher blames hurricane sandy on obama and romney's gay love?!",general,0.4084,Moderate,rt : mitt romney (net worth: $250 million) buys only $500 dollars in food to aid sandy victims. strangely thats also his fema budget. fail,0.5046,0.5,0.3,0.4627
347,rt : the wind's really picking up out there .. sandy nyc,general,0.4062,Moderate,rt : sandy - storm chasing with chip aka battery park nyc newyorkcity,0.6688,0.0,0.3,0.4613
363,that is so nuts! rt : new york city never sleeps.. hurricance sandy nyc,general,0.4012,Moderate,rt : as i go to bed i hope the citizens of nyc and the entire east coast of usa are kept safe with sandy approaching. night everyone staysafe,0.6596,0.0,0.3,0.4558
367,rt : sandy a bad bitch,general,0.3981,Moderate,rt : r.i.p to the victims who died in sandy,0.6684,0.0,0.3,0.4611
381,rt : sandy left 2500 people homeless in haiti. the country wasn't prepared and now it's decimated.,shelter,0.3948,Moderate,rt : last night red cross opened 112 shelters for sandy w/over 3200 people in them. support them by texting (cont _,0.4684,0.3,0.7,0.481
382,sandy moves west leaving devastation deaths in its wake: the atlantic superstorm sandy churned across pennsy..,general,0.3948,Moderate,[newsci] slow-moving hurricanes such as sandy on the rise: sandy will linger for days over the us east coast. cl..,0.7194,0.0,0.3,0.4916
386,rt : hurricane sandy please cancel classes,general,0.3938,Moderate,alright sandy you let me down today but i have 3 classes tomorrow that are just waiting to be cancelled. hurricane hookitup,0.7221,0.0,0.3,0.4933
394,rt : rt : stranded because of sandy? here's what you need to know-- airline by airline frankenstorm,rescue,0.3921,Moderate,rt : hey fd pd emts rescue teams and all first responders: thanks. sandy,0.4215,0.3333,0.7,0.4596
401,rt : hurricane sandy is wet and she's blowing. whore,general,0.3905,Moderate,"rt : ""i've never met some bitch named sandy who didn't need a good dicking"" - samantha jones talking to hurricane victims",0.6687,0.0,0.3,0.4612
409,rt : live picture of hurricane sandy in america wow.,general,0.3879,Moderate,whoa rt: best of the wire photos from hurricane sandy so far,0.7295,0.0,0.3,0.4977
413,stay safe as sandy descends upon us shitoneontateacherssay,general,0.3871,Moderate,praying for everyone being effected by sandy. stay safe loves.&lt;3,0.726,0.0,0.3,0.4956
414,sandy: east coast braces for hurricane life-threatening storm surge,general,0.3862,Moderate,my heart goes out to everyone affected by hurricane sandy i hope everyone on the east coast stays safe,0.7083,0.0,0.3,0.485
416,what is hurricane sandy.? completesarcasm,general,0.3855,Moderate,hurricane sandy - take care padas this area,0.6712,0.0,0.3,0.4627
419,rt : sandy rt : manhattan: fdny at the one world trade center with a crane on top of freedom tower broken.,general,0.3831,Moderate,rt : one world trade from my corner- hope those cranes on top make it through the storm. hurricanesandy sandy nyc,0.6618,0.0,0.3,0.4571
423,"hurricane sandy is coming to my state and i'm scared it'll mean the world if you said ""it'll be okay namirely""(1)&lt;3",general,0.3823,Moderate,hope everyone is safe from hurricane sandy! &lt;3,0.7226,0.0,0.3,0.4936
426,absolutely heartbreaking mt : @ least 39 people have died due 2 hurricane sandy. here are a few of their stories.,general,0.3814,Moderate,rt : 36 deaths already from hurricane sandy so sad. my prayers go out to all the people that were impacted sandy praying,0.6628,0.0,0.3,0.4577
427,hurricane sandy safehouse,general,0.3809,Moderate,for everyone in the middle of hurricane sandy hope you are all safe,0.6874,0.0,0.3,0.4724
428,rt : this graphic of sandy damage is outstanding. this is what the future of news looks like:,general,0.3802,Moderate,rt : how to help those affected by sandy -,0.6861,0.0,0.3,0.4716
433,hurricanes are making new yorkers lonely sandy,general,0.3791,Moderate,hurricane sandy is hitting ny say hi to my cousins,0.6517,0.0,0.3,0.451
434,nyc closing bridges and tunnels at 7pm sandy,general,0.3785,Moderate,bloomberg: nyc has 76 shelters open will remain open until people are rehoused. east river bridges open. sandy,0.5591,0.3,0.3,0.4554
439,rt : nyc l'instant. sandy,general,0.3768,Moderate,rt : i'm in la- sending good thoughts to everyone dealing w/ sandy rt are you in nyc for sandy or back out west?,0.6732,0.0,0.3,0.4639
445,rt : hoy os est n colando multitud de fotomontajes del hurac n sandy. dais pena. por fin una imagen 100% real de ny ahora:,general,0.3749,Moderate,hurac n sandy en ee.uu.: fotos y testimonios de los lectores de elcomercio.pe,0.7137,0.0,0.3,0.4882
449,rt : tomb guards. incredible. sandy,general,0.3739,Moderate,rt : omg at this pic of soldiers currently at the tomb of the unknowns in dc. sandy,0.6604,0.0,0.3,0.4562
452,rt : sandy bout to mess a lot up,general,0.3731,Moderate,"rt : rt "" : does anyone else hope sandy took out the cast of jerseyshore just so there can never be a reunion show??""",0.6505,0.0,0.3,0.4503
455,hurricane sandy hits nyc hard with intense winds frankenstorm,general,0.3726,Moderate,make sure you're okay in the big nyc lil bro! hurricane sandy isn't hitting lightly..,0.6637,0.0,0.3,0.4582
456,rt : eveyones getting happy for no school but watch sandy fuck the whole city up tomorrow,general,0.3721,Moderate,rt : two days off from school time to catch up on some sleep hope everyone stays safe during sandy,0.6768,0.0,0.3,0.4661
462,oh my sandy nyc,general,0.3713,Moderate,oh my gosh. praying for my family and everyone else in nyc sandy,0.663,0.0,0.3,0.4578
464,rt : efectivamente ya est n todos listos en nyc para la llegada del hurac n sandy . expectaci _n m xima.,general,0.3705,Moderate,rt : galegos en new york vendo chegar o furac n sandy e dicindo: vai chover,0.6672,0.0,0.3,0.4603
466,rt : that awkward moment when mitt suggests getting rid of fema on tv and then hurricane sandy hits the east coast right before the election.,general,0.3704,Moderate,"rt : cnn implying will get rid of fema! press that won't ask abt benghazi are badgering romney while he pitches in at ""sandy"" event.",0.6812,0.0,0.3,0.4687
467,rt : the statue of liberty right now - | sandy,general,0.3701,Moderate,rt : what a heroic picture. our statue of liberty standing strong as she faces sandy.,0.7878,0.0,0.3,0.5327
469,rt : sandy,general,0.3693,Moderate,rt : praying for the people that have been affected by sandy.,0.6514,0.0,0.3,0.4509
471,rt : the fact that people are joking on hurricane sandy literally blows me..be thankful that it didn't hit here as hard as it did up north,general,0.3691,Moderate,rt : praying for all those impacted by sandy. being from sofla i know how bad these storms can be. hang in there! hurricanesandy,0.658,0.0,0.3,0.4548
473,rt : the night sandy blew through: thoughts from a new yorker on the happenings of this tragic nyc hurricane: wewillrebuild,general,0.369,Moderate,headline : nyc tries to heal after deadly storm,0.6812,0.0,0.3,0.4687
476,rt : sandy: more than/or 54 people died. (usa). international crisis. nargis: more than 80.00 people died. (burma). no one cares.,general,0.3678,Moderate,rt : dear people died from sandy in places other than the usa.,0.6941,0.0,0.3,0.4765
479,the perfect stormthe day after tomorrow hurricanedoomsday prophecyarctic blast tornado!2012 ..america had time to prepare for sandy :),general,0.3673,Moderate,superstorm sandy in nyc !! pray for united states of america,0.6659,0.0,0.3,0.4595
483,the aftermath of hurricane sandy is snow . damn that's crazy .,general,0.3655,Moderate,god cease sandy. bless those affected by the storm.,0.6592,0.0,0.3,0.4555
484,rt : breaking: obama to go to nyc and order hurricane sandy to standdown. president waiting for good photo op.,general,0.3654,Moderate,rt : i like how obama left florida (where sandy isn't hitting) and went back to washington d.c to show his support and concern!! trueleader,0.6513,0.0,0.3,0.4508
485,rt : if you haven't seen this picture yet it's awesome _ tomb of the unknown soldier during hurricane sandy,general,0.3652,Moderate,: amazing soldiers standing at the tomb of the unknown soldier during hurricane sandy. fb,0.7433,0.0,0.3,0.506
490,rt : por fin una foto real de lo que esta pasando en nyc con el hurac n sandy,general,0.3641,Moderate,desastre sandy nyc amigo yo bien gracias a dios y he tenido luz! :),0.6576,0.0,0.3,0.4546
496,rt : soldiers guarding tomb of the unknown soldier as hurricane sandy rages. america _ __ _ __ _ __,general,0.3632,Moderate,rt : retweet for respect. tomb of the unknown soldier continues to stay guarded throughout hurricane sandy.,0.6758,0.0,0.3,0.4655
499,rt : it's starting to hit nyc. things just started to kick in. sandy,general,0.3621,Moderate,rt : proud to be a nyc startup. we love this city and all it stands for! our hearts go to all effected by sandy let us know if we can help,0.6801,0.0,0.3,0.468
502,i seriously wish i could help the people out there who are gonna suffer from sandy.,general,0.3618,Moderate,prayers up for any and everyone affected by sandy,0.7749,0.0,0.3,0.525
507,rt : collapsed crane 57th st. nyc. sandy,general,0.3607,Moderate,: nyc firefighters look up at a collapsed crane dangling from a building | sandy,0.6918,0.0,0.3,0.4751
512,rt : nyc & sandy,general,0.3602,Moderate,rt : be safe guys!! sandy nyc besafe,0.665,0.0,0.3,0.459
514,hi hurricane sandy _,general,0.3597,Moderate,r.i.p to those who have died in hurricane sandy.. godblessyou,0.6562,0.0,0.3,0.4537
524,rt : impactante hurac n sandy arrastra 2 tiburones hasta el metro de new jersey.,general,0.3566,Moderate,rt : incre ble: sandy arrastra dos tiburones al metro de nj. (foto) prayforusa,0.6875,0.0,0.3,0.4725
536,rt : if you missed this nonsense: obama caused hurricane sandy say conspiracy theorists,general,0.3543,Moderate,rt : obama monitors sandy from control room he allowed deaths at benghazi. romney is in it actually helping. tcot ocra,0.6524,0.0,0.3,0.4514
543,liam!! have you heard about hurricane sandy?? im in the middle of it and im really worried!!:( pray for me&lt;33 xx ne,general,0.3528,Moderate,rt : my prayers and thoughts are with everyone affected by the hurricane sandy. hope it stops soon x,0.7213,0.0,0.3,0.4928
544,"rt : head of fema on hurricane sandy: ""i want people to be safe."" // mitt romney on fema: i want it shut down.",general,0.3525,Moderate,"rt : ""i really hope the storm doesn't damage the really really really nice houses."" -romney on hurricane sandy",0.7,0.0,0.3,0.48
547,rt : how the hell you gone blame obama for hurricane sandy? damn ..,general,0.3522,Moderate,rt : mitt romney has no shame he's already using sandy storm victims for political gain while president obama is working hard..,0.6544,0.0,0.3,0.4526
549,rt : goodmorning i just woke up but.. fuck you hurricane sandy!,general,0.3519,Moderate,rt : 2 all my east coast friends & families affected by hurricane sandy.. sending u positive energy! hoping u stay dry but most of all safe.,0.7096,0.0,0.3,0.4858
554,rt : frightening new radar pic of 'hurricane sandy' approaching east coast..,general,0.3512,Moderate,rt : my thoughts and prayers are with everybody on the east coast affected by hurricane sandy. be safe people!,0.666,0.0,0.3,0.4596
556,dealing with the aftermath of hurricane sandy,general,0.3507,Moderate,hurricane sandy: how to help the recovery effort. one worries about disease. even in america..,0.7715,0.0,0.3,0.5229
558,rt : sandy is a real bitch-,general,0.3496,Low,rt : praying for everybody in sandy's path. i hope she breaks down before she breaks too many of us.,0.6636,0.0,0.3,0.4582
560,rt : rt : mayor bloomberg: the most severe part of the hurricane is now beginning. nyc still v. much within danger zone. sandy,general,0.3492,Low,rt : hearts and prayers are with nyc and all those in the path of hurricane sandy,0.6741,0.0,0.3,0.4645
562,rt : el hurac n sandy empieza a hacer verdaderos estragos en nyc.,general,0.349,Low,rt : huracan sandy alcalde bloomberg le pide a habitantes de nyc que se mantengan en sus casas alejados de las ventanas,0.6666,0.0,0.3,0.46
566,follow me liam before i die bc hurricane sandy xx90,general,0.3482,Low,liam- i am sitting in a hotel room in nyc waiting for hurricane sandy and can't get back to uk for days please follow :((,0.657,0.0,0.3,0.4542
573,sandy is coming and it is full of anger! storm nyc,general,0.3471,Low,praying with all my _ for nyc sandy be safe !!,0.6523,0.0,0.3,0.4514
594,nyc is a disaster. nothing like this since 9-11. subways will be shut down for days. what a nightmare. thanks for nothing sandy.,general,0.3426,Low,can't stop reading sandy updates - heading to nyc this wk & hoping for safety for all. otherwise could turn into disaster relief trip..?,0.6998,0.0,0.3,0.4799
597,: anythings possible with sandy,general,0.3413,Low,how to help post-sandy via,0.6576,0.0,0.3,0.4546
602,rt : en este momento el hurac n sandy toca la costa de new jersey cerca de atlantic city al sur de nyc. detr s de la ventana s _lo veo lluvia.,general,0.3405,Low,adicionei como favorito um v _deo de hurricane sandy live from nj with,0.6601,0.0,0.3,0.4561
615,rt : hurricane sandy weather,general,0.3378,Low,rt : rt : hurricane sandy moved almost 100 miles during the past 3 hours. landfall about 6 hours sooner than forecast this morning.,0.732,0.0,0.3,0.4992
619,rt : sandy insane im actually scared now this is so much worse than irene haha. i think i feel my house moving,general,0.335,Low,rt : sandy ima let you finish but irene was one of the craziest storms of all time!,0.7288,0.0,0.3,0.4973
620,rt : sandy amenaza ciudades como washington filadelfia boston y baltimore adem s claro de nueva york.esta tarde-noche primer impacto en nyc,general,0.3344,Low,declara obama desastre en ny y nueva jersey suman 16 muertos en eu por paso de sandy,0.6557,0.0,0.3,0.4534
622,rt : fuck i can't believe this is happening in nyc. such a beautiful city. fuck you sandy!,general,0.3341,Low,rt : everyone in nyc and surrounding areas be safe!! praying for you all sandy,0.6976,0.0,0.3,0.4786
623,photo: hurricane sandy on ny.,general,0.334,Low,send us your hurricane sandy pics,0.7325,0.0,0.3,0.4995
631,rt : viento de 80 km/h en nyc sandy. alerta meteorol _gica en caba y pcia bs as serenito,general,0.3318,Low,hurricane sandy esta a 174 millas sse de nyc con brisas de 90 mph.. cuidense mi gente!,0.6589,0.0,0.3,0.4553
632,rt : hurricane sandy on its way to nyc,general,0.3316,Low,rt : via - hurricane sandy helpline for new york state residents: 1 88-769-7243 sandyny,0.7537,0.0,0.3,0.5122
633,waoo sandy a causado un desastre en el este de eeuu + de 50 casas incendiadas en queens sandy,general,0.3315,Low,rt : rescatan personas de los techos de casas rodantes en nuevajersey sandy,0.7055,0.0,0.3,0.4833
639,rt : hurricane sandy nyc,general,0.3298,Low,rt : rt : for hurricane sandy volunteer and donation information please click on this link. hmrd,0.6244,0.2,0.3,0.4747
643,rt : tormenta sandy afecta los servicios de movistar venezuela,general,0.3286,Low,: venezuela env _a m s ayuda humanitaria a hait _ tras el paso de sandy misionbolivariana ayudahaiti,0.67,0.0,0.3,0.462
647,hurricane sandy shows we need to prepare for climate change cuomo and bloomberg say via,general,0.3274,Low,rt : sandy is a warning. we must work together to solve the climate crisis & support our neighbors in need:,0.6812,0.0,0.3,0.4687
649,things are getting pretty wild out here.. sandy nyc,general,0.3273,Low,thinking of everyone going through such a difficult time in nyc right now & hoping that is safe & well sandy,0.7242,0.0,0.3,0.4945
657,: hurricanesandy approaching nyc. the day after tomorrow comes true sandy this looks so scary,general,0.3252,Low,this is by far one of the most ominous shots from nyc! good luck friends and family. god speed folks! sandy,0.6941,0.0,0.3,0.4765
667,rt : hurricane sandy from space,general,0.3225,Low,rt : hope everyone is doing ok with the storm. saw sandy on our flight path yesterday. from our vantage point iss,0.7094,0.0,0.3,0.4856
673,the science behind hurricane sandy: a confluence of trouble,general,0.321,Low,rt : update: hurricane sandy advances on u.s. coastal cities faster than expected,0.6889,0.0,0.3,0.4733
678,rt : the tomb of the unknown soldier being guarded during sandy. respect,general,0.3193,Low,sandy pic: tomb of the unknown soldier via blesstheusa,0.7532,0.0,0.3,0.5119
684,rt : this. rt : how nyc prepares for a hurricane vs. the rest of the world. please note step 1. sandy,general,0.3173,Low,rt : our thoughts go out to all those affected by hurricane sandy. you can help here:,0.6957,0.0,0.3,0.4774
687,pakistani radical wanted by u.s. offers aid,general,0.3164,Low,rt : pakistani radical offers storm aid: as residents of the u.s. northeast grapple with the destruction.. usnews usa,0.7424,0.2333,0.3,0.5521
691,statue of liberty in hurricane sandy photo goes viral in nyc is it real or fake?,general,0.3157,Low,rt : view of the statue of liberty from battery park city. stay safe new york hurricanesandy nyc sandy,0.6533,0.0,0.3,0.452
699,1800 families homeless in haiti after hurricane sandy,shelter,0.3135,Low,the canadian red cross is deploying 10 volunteers to support shelter operations in new york following hurricane sandy,0.3915,0.5,0.7,0.4749
705,rt : hurricane sandy,general,0.3111,Low,rt : my heart goes out to the victims of hurricane sandy.,0.7018,0.0,0.3,0.4811
713,omg nyc is now impacted by hurricane sandy,general,0.3074,Low,i hope everyone is okay in nyc new jersey and wherever else was effected by hurricane sandy it caused so much damge :|,0.7402,0.0,0.3,0.5041
717,rt : the science of hurricane sandy liveblog,general,0.3064,Low,rt : you've survived hurricane sandy thankfully but currently seem to be struggling with hurricane reading!,0.6508,0.0,0.3,0.4505
750,lost one you really are a sadist! now you celebrate sandy devastation in us.,general,0.2964,Low,rt : so sad to hear of the devastation on the eastcoast sandy sending thoughts and prayers!,0.6582,0.0,0.3,0.4549
760,wow. stay safe east coasters rt : millions wake to destruction in sandy's aftermath,general,0.2924,Low,prayers for the safety of all east coasters that could be affected by sandy,0.7331,0.0,0.3,0.4999
761,rt : hurricane sandy is a tranny,general,0.2923,Low,rt : twitter braves hurricane sandy to speed relief efforts,0.6667,0.0,0.3,0.46
769,rt : photos of the unbelievable scenes left in hurricane sandy's wake nyc nj,general,0.2894,Low,rt : eric draper photo of gov loading up hurricane relief supplies to send to those affected by sandy,0.5896,0.2667,0.3,0.4671
788,wow hurricane sandy is getting bad,general,0.2835,Low,also hope you're doing okay with shitstorm sandy and all.,0.6656,0.0,0.3,0.4594
792,rt : you should follow before hurricane sandy hits us in an hour !,general,0.2815,Low,rt : prayers for everyone in the path of hurricane sandy.. may this storm soon pass.,0.6761,0.0,0.3,0.4657
804,irene &gt;&gt;&gt; sandy,general,0.2768,Low,stay safe nepa! to all those affected by &/or still recovering from irene i hope sandy leaves you alone.,0.6601,0.0,0.3,0.456
